n_segments,calculated_length
10,17.425535
51,17.194147
100,17.194141
501,17.194139
1000,17.194139
5000,17.194139
10001,17.194139
